NetID,CourseName,Score,CourseID
char2,BIOLOGY,4,IB100
rcr2,PSYCHOLOGY,1,PSYC100
emason2,STATISTICS,3,STAT100
nmckenz2,CALCULUS BC,2,MATH231
aharr3,CHINESE,3,CHIN203
mbry3,BIOLOGY,5,IB100
cflo3,BIOLOGY,5,IB100
snel2,BIOLOGY,4,IB100
bguzma2,FRENCH,4,FR103
jwr3,STATISTICS,3,STAT100
jjohnso3,CHINESE,1,CHIN203
spo2,COMPUTER SCIENCE A,2,CS105
aali2,BIOLOGY,4,IB100
amcco2,PSYCHOLOGY,1,PSYC100
cvang2,PSYCHOLOGY,1,PSYC100
jjohnso3,HUMAN GEOGRAPHY,1,GGIS104
jjohns2,ART: 2-D,4,ART104
ctayl2,COMPUTER SCIENCE A,5,CS105
vnelson2,BIOLOGY,2,IB100
nco2,FRENCH,1,FR103
rburke2,FRENCH,5,FR103
ljohn3,COMPUTER SCIENCE A,5,CS105
bsmit2,CALCULUS BC,1,MATH231
gellio2,CALCULUS BC,5,MATH231
smorale2,ART: 2-D,1,ART104
rwal2,CALCULUS BC,4,MATH231
wthom2,CALCULUS BC,1,MATH231
dbo2,CALCULUS BC,2,MATH231
wgar2,JAPANESE,5,JAPN204
bdo2,JAPANESE,1,JAPN204
rpitts2,CALCULUS BC,3,MATH231
mva4,CALCULUS BC,3,MATH231
lwolfe2,HUMAN GEOGRAPHY,1,GGIS104
kthomp2,HUMAN GEOGRAPHY,4,GGIS104
bsmit2,STATISTICS,1,STAT100
mstua2,ART: 2-D,2,ART104
kwhi2,BIOLOGY,2,IB100
jfr3,CALCULUS BC,3,MATH231
aparks2,HUMAN GEOGRAPHY,1,GGIS104
ssm2,ART: 2-D,5,ART104
dmcmaho2,CALCULUS BC,2,MATH231
ahea3,BIOLOGY,1,IB100
jmc3,ART: 2-D,1,ART104
ptor2,CHINESE,3,CHIN203
dgates2,PSYCHOLOGY,1,PSYC100
rwh2,CALCULUS BC,1,MATH231
grose2,JAPANESE,1,JAPN204
pbr2,COMPUTER SCIENCE A,2,CS105
grose2,FRENCH,2,FR103
abr3,COMPUTER SCIENCE A,5,CS105
csmi4,CHINESE,2,CHIN203
ghicks2,"HISTORY, WORLD   ",4,HIST100
ajones3,CHINESE,3,CHIN203
smarti2,HUMAN GEOGRAPHY,1,GGIS104
sfre2,"HISTORY, WORLD   ",4,HIST100
aher4,JAPANESE,5,JAPN204
cpham2,FRENCH,1,FR103
rcraw2,BIOLOGY,5,IB100
msa2,ART: 2-D,4,ART104
cch2,FRENCH,2,FR103
agarci2,COMPUTER SCIENCE A,3,CS105
jsmit2,COMPUTER SCIENCE A,1,CS105
etayl3,CHINESE,1,CHIN203
kha4,PSYCHOLOGY,4,PSYC100
rke2,PSYCHOLOGY,2,PSYC100
athoma2,HUMAN GEOGRAPHY,3,GGIS104
jmc3,PSYCHOLOGY,1,PSYC100
mstua2,JAPANESE,4,JAPN204
pbr2,CALCULUS BC,1,MATH231
sros3,FRENCH,3,FR103
gma2,STATISTICS,1,STAT100
gellio2,PSYCHOLOGY,4,PSYC100
hrobin2,CHINESE,1,CHIN203
ameji2,ART: 2-D,2,ART104
afis2,ART: 2-D,1,ART104
scook2,"HISTORY, WORLD   ",1,HIST100
smend2,COMPUTER SCIENCE A,5,CS105
cdeleo2,ART: 2-D,5,ART104
smorris2,STATISTICS,1,STAT100
klam2,CALCULUS BC,1,MATH231
kpr2,BIOLOGY,4,IB100
btho2,PSYCHOLOGY,2,PSYC100
dmendo2,CALCULUS BC,3,MATH231
lsull2,PSYCHOLOGY,1,PSYC100
kwhi2,JAPANESE,1,JAPN204
kpowe3,COMPUTER SCIENCE A,2,CS105
sbow2,STATISTICS,3,STAT100
khuber2,JAPANESE,5,JAPN204
kcla2,JAPANESE,3,JAPN204
bguti2,CHINESE,3,CHIN203
vmcfarl2,JAPANESE,2,JAPN204
abec2,BIOLOGY,2,IB100
acurry2,ART: 2-D,1,ART104
nmil2,COMPUTER SCIENCE A,4,CS105
mbail2,BIOLOGY,5,IB100
khuber2,COMPUTER SCIENCE A,2,CS105
msanc2,ART: 2-D,2,ART104
char2,CHINESE,5,CHIN203
jdona2,STATISTICS,2,STAT100
mbry3,STATISTICS,2,STAT100
rwhite2,ART: 2-D,2,ART104
dmi2,COMPUTER SCIENCE A,1,CS105
mchan2,COMPUTER SCIENCE A,3,CS105
jcoo2,FRENCH,2,FR103
scook2,ART: 2-D,4,ART104
mva4,HUMAN GEOGRAPHY,3,GGIS104
scook2,STATISTICS,2,STAT100
bbail2,"HISTORY, WORLD   ",5,HIST100
egarcia2,CHINESE,1,CHIN203
lwolfe2,COMPUTER SCIENCE A,4,CS105
mcan2,CALCULUS BC,2,MATH231
jfr3,STATISTICS,3,STAT100
rpitts2,FRENCH,4,FR103
caceve2,FRENCH,1,FR103
csmi2,ART: 2-D,2,ART104
bsmit2,"HISTORY, WORLD   ",5,HIST100
mhamp2,ART: 2-D,4,ART104
jrobert2,"HISTORY, WORLD   ",3,HIST100
kma2,HUMAN GEOGRAPHY,5,GGIS104
mcan2,"HISTORY, WORLD   ",3,HIST100
jgra3,CALCULUS BC,1,MATH231
ahea3,HUMAN GEOGRAPHY,3,GGIS104
sbr3,"HISTORY, WORLD   ",2,HIST100
galle2,HUMAN GEOGRAPHY,4,GGIS104
hrobin2,COMPUTER SCIENCE A,3,CS105
btayl2,"HISTORY, WORLD   ",3,HIST100
jschmit2,"HISTORY, WORLD   ",3,HIST100
rthoma2,STATISTICS,1,STAT100
jstone3,FRENCH,4,FR103
dhall2,CHINESE,1,CHIN203
sper2,"HISTORY, WORLD   ",4,HIST100
jstone3,PSYCHOLOGY,2,PSYC100
kwagn2,FRENCH,1,FR103
asmit3,CALCULUS BC,1,MATH231
tshaw2,FRENCH,4,FR103
dspenc2,FRENCH,3,FR103
bhill2,COMPUTER SCIENCE A,3,CS105
pna2,CHINESE,1,CHIN203
jpark2,BIOLOGY,5,IB100
vday3,ART: 2-D,4,ART104
cbry2,FRENCH,3,FR103
smend2,JAPANESE,1,JAPN204
asmit3,JAPANESE,2,JAPN204
cdeleo2,CHINESE,2,CHIN203
dro2,BIOLOGY,3,IB100
pbr2,PSYCHOLOGY,1,PSYC100
ame2,"HISTORY, WORLD   ",2,HIST100
dmendo2,JAPANESE,2,JAPN204
cfl2,BIOLOGY,5,IB100
jcoo2,HUMAN GEOGRAPHY,2,GGIS104
nco2,HUMAN GEOGRAPHY,4,GGIS104
rwal4,HUMAN GEOGRAPHY,5,GGIS104
jgreen2,FRENCH,3,FR103
spalme2,STATISTICS,2,STAT100
mdavi4,CHINESE,1,CHIN203
erichmo2,STATISTICS,1,STAT100
ave2,BIOLOGY,2,IB100
libar2,FRENCH,5,FR103
mva4,"HISTORY, WORLD   ",4,HIST100
jsosa2,JAPANESE,1,JAPN204
oste2,FRENCH,2,FR103
nkelle2,JAPANESE,1,JAPN204
pgordo2,STATISTICS,1,STAT100
spo2,CHINESE,3,CHIN203
dbo2,HUMAN GEOGRAPHY,1,GGIS104
clop2,CHINESE,5,CHIN203
mon2,CHINESE,2,CHIN203
slawre2,"HISTORY, WORLD   ",1,HIST100
dhubb2,CHINESE,1,CHIN203
mmill4,HUMAN GEOGRAPHY,5,GGIS104
dre2,HUMAN GEOGRAPHY,1,GGIS104
vmcfarl2,HUMAN GEOGRAPHY,1,GGIS104
ghowar2,CHINESE,2,CHIN203
jpete3,JAPANESE,3,JAPN204
wthom2,HUMAN GEOGRAPHY,3,GGIS104
rburg2,PSYCHOLOGY,1,PSYC100
bdo2,ART: 2-D,2,ART104
dmi2,CALCULUS BC,2,MATH231
csosa2,HUMAN GEOGRAPHY,1,GGIS104
lreyno2,ART: 2-D,3,ART104
sander3,STATISTICS,5,STAT100
jweav2,STATISTICS,4,STAT100
smart3,HUMAN GEOGRAPHY,2,GGIS104
ptor2,CALCULUS BC,2,MATH231
jper3,JAPANESE,3,JAPN204
kro2,CHINESE,5,CHIN203
cwest2,FRENCH,1,FR103
ameji2,PSYCHOLOGY,1,PSYC100
jrobert2,COMPUTER SCIENCE A,3,CS105
gjohns2,PSYCHOLOGY,3,PSYC100
jdelga2,STATISTICS,4,STAT100
kthomp2,BIOLOGY,1,IB100
jmcle3,CHINESE,3,CHIN203
cfl2,CALCULUS BC,3,MATH231
mva4,FRENCH,4,FR103
jcha2,CHINESE,3,CHIN203
mlewis3,CHINESE,4,CHIN203
hhughes2,CHINESE,4,CHIN203
bnel3,JAPANESE,3,JAPN204
afrazie2,FRENCH,5,FR103
dspenc2,PSYCHOLOGY,3,PSYC100
ave2,HUMAN GEOGRAPHY,1,GGIS104
dvasqu2,FRENCH,2,FR103
lreyno2,FRENCH,4,FR103
rburg2,ART: 2-D,4,ART104
mhart2,ART: 2-D,4,ART104
srodrig2,PSYCHOLOGY,2,PSYC100
shahn2,FRENCH,2,FR103
aburns2,CALCULUS BC,2,MATH231
mlar2,COMPUTER SCIENCE A,3,CS105
cjo5,HUMAN GEOGRAPHY,2,GGIS104
rfloy2,"HISTORY, WORLD   ",3,HIST100
ebri2,CALCULUS BC,5,MATH231
rwel2,STATISTICS,3,STAT100
kcla2,COMPUTER SCIENCE A,2,CS105
cnguyen2,HUMAN GEOGRAPHY,3,GGIS104
bguti2,ART: 2-D,5,ART104
egarcia2,JAPANESE,1,JAPN204
abec2,CHINESE,1,CHIN203
rwal2,JAPANESE,3,JAPN204
amcco2,ART: 2-D,1,ART104
rklei2,HUMAN GEOGRAPHY,5,GGIS104
jram2,FRENCH,1,FR103
egarcia2,FRENCH,2,FR103
dgarcia4,CALCULUS BC,4,MATH231
hbr2,FRENCH,1,FR103
cnguyen2,JAPANESE,1,JAPN204
cwall2,COMPUTER SCIENCE A,4,CS105
jmidd2,ART: 2-D,2,ART104
eprin2,COMPUTER SCIENCE A,5,CS105
jjohns2,HUMAN GEOGRAPHY,2,GGIS104
cpham2,BIOLOGY,5,IB100
kwagn2,HUMAN GEOGRAPHY,3,GGIS104
dhall2,PSYCHOLOGY,3,PSYC100
jtaylo3,"HISTORY, WORLD   ",2,HIST100
shahn2,CHINESE,5,CHIN203
jdona2,JAPANESE,4,JAPN204
mhart2,"HISTORY, WORLD   ",4,HIST100
mbe2,PSYCHOLOGY,3,PSYC100
lwolfe2,FRENCH,5,FR103
acarr2,CHINESE,2,CHIN203
cdav2,ART: 2-D,2,ART104
cdeleo2,STATISTICS,5,STAT100
jwilli2,CHINESE,5,CHIN203
rwal2,BIOLOGY,5,IB100
hmitche2,"HISTORY, WORLD   ",1,HIST100
ghowar2,BIOLOGY,5,IB100
dhu3,PSYCHOLOGY,1,PSYC100
jfr3,"HISTORY, WORLD   ",1,HIST100
jtor2,CALCULUS BC,3,MATH231
lausti2,BIOLOGY,5,IB100
lalle2,FRENCH,4,FR103
tfar2,JAPANESE,5,JAPN204
jstone2,JAPANESE,1,JAPN204
nwright2,FRENCH,4,FR103
slawre2,JAPANESE,2,JAPN204
sallen2,JAPANESE,5,JAPN204
afrazie2,HUMAN GEOGRAPHY,4,GGIS104
pna2,PSYCHOLOGY,5,PSYC100
dhall2,JAPANESE,5,JAPN204
dspenc2,COMPUTER SCIENCE A,5,CS105
eros3,CHINESE,2,CHIN203
jnewton2,CHINESE,4,CHIN203
jhe2,STATISTICS,1,STAT100
jsmit2,FRENCH,5,FR103
dre2,COMPUTER SCIENCE A,3,CS105
jwalton2,HUMAN GEOGRAPHY,1,GGIS104
jgra3,CHINESE,4,CHIN203
rwel2,JAPANESE,2,JAPN204
ghicks2,CHINESE,2,CHIN203
snel2,STATISTICS,2,STAT100
jmiles2,PSYCHOLOGY,4,PSYC100
sander3,JAPANESE,3,JAPN204
cel2,BIOLOGY,2,IB100
kwa2,CHINESE,1,CHIN203
cwall2,CALCULUS BC,3,MATH231
sbow2,CALCULUS BC,4,MATH231
aali2,CHINESE,2,CHIN203
lba3,STATISTICS,4,STAT100
jcoo3,PSYCHOLOGY,4,PSYC100
swalls2,ART: 2-D,3,ART104
brusso2,PSYCHOLOGY,5,PSYC100
hfrenc2,CALCULUS BC,5,MATH231
jcoo3,STATISTICS,1,STAT100
rcraw2,"HISTORY, WORLD   ",1,HIST100
jjohns2,CHINESE,3,CHIN203
awrigh2,HUMAN GEOGRAPHY,1,GGIS104
jbro2,HUMAN GEOGRAPHY,4,GGIS104
shamilt2,"HISTORY, WORLD   ",3,HIST100
grose2,BIOLOGY,5,IB100
lhar3,COMPUTER SCIENCE A,5,CS105
dgates2,CALCULUS BC,3,MATH231
jga2,"HISTORY, WORLD   ",2,HIST100
jtay3,"HISTORY, WORLD   ",4,HIST100
ghowar2,JAPANESE,1,JAPN204
tfar2,STATISTICS,3,STAT100
vcam2,ART: 2-D,3,ART104
dhu3,CHINESE,3,CHIN203
shahn2,JAPANESE,2,JAPN204
bguti2,STATISTICS,3,STAT100
jstone2,BIOLOGY,5,IB100
sbr3,COMPUTER SCIENCE A,4,CS105
rprice2,CHINESE,2,CHIN203
jpark2,CHINESE,3,CHIN203
abr3,CHINESE,2,CHIN203
tshaw2,ART: 2-D,4,ART104
hka2,JAPANESE,5,JAPN204
ana2,HUMAN GEOGRAPHY,5,GGIS104
mjackso2,HUMAN GEOGRAPHY,4,GGIS104
ianders2,FRENCH,5,FR103
grose2,CALCULUS BC,3,MATH231
jbro4,PSYCHOLOGY,4,PSYC100
ave2,ART: 2-D,2,ART104
rrocha2,CHINESE,1,CHIN203
nest2,COMPUTER SCIENCE A,3,CS105
ljohn3,CHINESE,5,CHIN203
btho2,CALCULUS BC,3,MATH231
oste2,ART: 2-D,5,ART104
jtaylo3,HUMAN GEOGRAPHY,5,GGIS104
caceve2,ART: 2-D,1,ART104
aali2,COMPUTER SCIENCE A,1,CS105
aburns2,STATISTICS,4,STAT100
jford2,COMPUTER SCIENCE A,5,CS105
acruz2,COMPUTER SCIENCE A,2,CS105
aarm2,CALCULUS BC,1,MATH231
bsh2,JAPANESE,2,JAPN204
afrazie2,STATISTICS,1,STAT100
sper2,HUMAN GEOGRAPHY,5,GGIS104
lbr2,CALCULUS BC,2,MATH231
shamilt2,CHINESE,4,CHIN203
jgreen2,CHINESE,2,CHIN203
smorris2,BIOLOGY,5,IB100
spalme2,PSYCHOLOGY,5,PSYC100
mmo6,FRENCH,4,FR103
tgeorge2,COMPUTER SCIENCE A,1,CS105
khanc2,"HISTORY, WORLD   ",5,HIST100
jschmit2,BIOLOGY,5,IB100
tshaw2,"HISTORY, WORLD   ",1,HIST100
jher3,COMPUTER SCIENCE A,1,CS105
spalme2,CALCULUS BC,5,MATH231
asmit3,"HISTORY, WORLD   ",5,HIST100
aarnol2,HUMAN GEOGRAPHY,3,GGIS104
mchan2,CHINESE,2,CHIN203
jgo2,COMPUTER SCIENCE A,2,CS105
ash2,HUMAN GEOGRAPHY,5,GGIS104
pna2,COMPUTER SCIENCE A,3,CS105
lalle2,STATISTICS,5,STAT100
pgould2,ART: 2-D,1,ART104
mmill3,PSYCHOLOGY,4,PSYC100
jschmit2,STATISTICS,2,STAT100
she2,CALCULUS BC,3,MATH231
hdavis2,"HISTORY, WORLD   ",2,HIST100
bdo2,CHINESE,3,CHIN203
cwest2,CALCULUS BC,2,MATH231
sgil2,PSYCHOLOGY,2,PSYC100
nest2,STATISTICS,1,STAT100
jpark2,FRENCH,5,FR103
jle2,ART: 2-D,2,ART104
jga2,HUMAN GEOGRAPHY,1,GGIS104
jjohnso3,JAPANESE,5,JAPN204
rprice2,FRENCH,1,FR103
msa2,HUMAN GEOGRAPHY,1,GGIS104
rryan2,JAPANESE,5,JAPN204
erichmo2,PSYCHOLOGY,5,PSYC100
brusso2,FRENCH,4,FR103
eglas2,PSYCHOLOGY,3,PSYC100
jhe2,HUMAN GEOGRAPHY,2,GGIS104
dscott2,"HISTORY, WORLD   ",2,HIST100
jgille2,CHINESE,4,CHIN203
rprice2,HUMAN GEOGRAPHY,1,GGIS104
byoun2,ART: 2-D,5,ART104
char2,COMPUTER SCIENCE A,5,CS105
dchrist2,PSYCHOLOGY,5,PSYC100
galle2,ART: 2-D,3,ART104
lreyno2,BIOLOGY,1,IB100
bnel3,HUMAN GEOGRAPHY,3,GGIS104
agregor2,COMPUTER SCIENCE A,3,CS105
rwel2,COMPUTER SCIENCE A,2,CS105
cpham2,JAPANESE,2,JAPN204
eprin2,CHINESE,4,CHIN203
scoff2,CHINESE,2,CHIN203
ebri2,PSYCHOLOGY,1,PSYC100
bmurphy2,HUMAN GEOGRAPHY,5,GGIS104
kthomp2,CALCULUS BC,5,MATH231
dmendo2,COMPUTER SCIENCE A,3,CS105
dlong2,COMPUTER SCIENCE A,2,CS105
rjones2,HUMAN GEOGRAPHY,2,GGIS104
smarti2,STATISTICS,5,STAT100
jmcc2,BIOLOGY,2,IB100
kande2,"HISTORY, WORLD   ",3,HIST100
jste2,FRENCH,4,FR103
ldic2,COMPUTER SCIENCE A,3,CS105
mdi2,STATISTICS,2,STAT100
jstaf2,PSYCHOLOGY,3,PSYC100
abr3,JAPANESE,3,JAPN204
ptor2,BIOLOGY,4,IB100
bfitzge2,STATISTICS,3,STAT100
bdo2,"HISTORY, WORLD   ",3,HIST100
ash2,STATISTICS,1,STAT100
ane2,"HISTORY, WORLD   ",4,HIST100
bher2,STATISTICS,5,STAT100
hrobin2,CALCULUS BC,5,MATH231
lalle2,PSYCHOLOGY,4,PSYC100
jwalton2,FRENCH,5,FR103
bher2,COMPUTER SCIENCE A,2,CS105
jthoma2,JAPANESE,3,JAPN204
hca2,CHINESE,3,CHIN203
aarm2,STATISTICS,5,STAT100
awrigh2,CALCULUS BC,5,MATH231
btayl2,PSYCHOLOGY,4,PSYC100
bher2,CALCULUS BC,1,MATH231
jweav2,ART: 2-D,4,ART104
kpowe3,"HISTORY, WORLD   ",5,HIST100
csosa2,COMPUTER SCIENCE A,1,CS105
agr2,CALCULUS BC,5,MATH231
jli2,COMPUTER SCIENCE A,1,CS105
jbr8,CHINESE,5,CHIN203
dmcmaho2,FRENCH,3,FR103
bdo2,HUMAN GEOGRAPHY,2,GGIS104
afis2,CHINESE,4,CHIN203
apa2,FRENCH,2,FR103
egarcia2,CALCULUS BC,3,MATH231
csmi4,COMPUTER SCIENCE A,5,CS105
gellio2,CHINESE,4,CHIN203
smorris2,CHINESE,1,CHIN203
cvang2,FRENCH,5,FR103
nterr2,FRENCH,3,FR103
rburke2,CHINESE,5,CHIN203
smarti2,CHINESE,3,CHIN203
lhar3,ART: 2-D,3,ART104
ianders2,CALCULUS BC,5,MATH231
hka2,COMPUTER SCIENCE A,3,CS105
wthom2,ART: 2-D,1,ART104
dbo2,ART: 2-D,3,ART104
dro2,COMPUTER SCIENCE A,3,CS105
cmey2,JAPANESE,1,JAPN204
sjo2,BIOLOGY,1,IB100
emason2,COMPUTER SCIENCE A,2,CS105
mchan2,HUMAN GEOGRAPHY,5,GGIS104
wjon2,"HISTORY, WORLD   ",4,HIST100
jfr3,PSYCHOLOGY,3,PSYC100
jli2,JAPANESE,3,JAPN204
jst3,CHINESE,3,CHIN203
dmi2,FRENCH,1,FR103
jper3,COMPUTER SCIENCE A,5,CS105
jher3,"HISTORY, WORLD   ",1,HIST100
cdav2,CHINESE,4,CHIN203
tngu2,ART: 2-D,5,ART104
tngu2,COMPUTER SCIENCE A,5,CS105
ash2,CALCULUS BC,4,MATH231
jcolema2,BIOLOGY,1,IB100
mlar2,JAPANESE,1,JAPN204
caceve2,JAPANESE,5,JAPN204
hfrenc2,ART: 2-D,2,ART104
rwh2,"HISTORY, WORLD   ",4,HIST100
rprice2,JAPANESE,5,JAPN204
khamilt2,CHINESE,2,CHIN203
grose2,PSYCHOLOGY,4,PSYC100
agregor2,ART: 2-D,4,ART104
jgille2,COMPUTER SCIENCE A,5,CS105
wjon2,PSYCHOLOGY,5,PSYC100
dgonz2,CALCULUS BC,1,MATH231
bsim2,"HISTORY, WORLD   ",1,HIST100
ghicks2,STATISTICS,1,STAT100
jrodrig4,COMPUTER SCIENCE A,4,CS105
dhu3,"HISTORY, WORLD   ",4,HIST100
kwa2,BIOLOGY,2,IB100
jest2,CHINESE,2,CHIN203
agr2,"HISTORY, WORLD   ",3,HIST100
mdavi4,HUMAN GEOGRAPHY,5,GGIS104
rjones2,BIOLOGY,2,IB100
sfre2,COMPUTER SCIENCE A,3,CS105
athoma2,COMPUTER SCIENCE A,1,CS105
nlo2,HUMAN GEOGRAPHY,2,GGIS104
jst3,FRENCH,1,FR103
csmi2,CHINESE,5,CHIN203
jbro4,CALCULUS BC,4,MATH231
jsmit2,JAPANESE,3,JAPN204
hrobin2,"HISTORY, WORLD   ",4,HIST100
aarnol2,CALCULUS BC,2,MATH231
gjohns2,CHINESE,1,CHIN203
sallen2,COMPUTER SCIENCE A,2,CS105
cvang2,BIOLOGY,5,IB100
wgar2,"HISTORY, WORLD   ",4,HIST100
libar2,CALCULUS BC,5,MATH231
jwr3,CALCULUS BC,3,MATH231
rprice2,STATISTICS,3,STAT100
dhubb2,COMPUTER SCIENCE A,2,CS105
jfi2,STATISTICS,5,STAT100
smorale2,JAPANESE,3,JAPN204
jali2,HUMAN GEOGRAPHY,3,GGIS104
dhubb2,"HISTORY, WORLD   ",4,HIST100
kpen2,HUMAN GEOGRAPHY,5,GGIS104
nterr2,HUMAN GEOGRAPHY,2,GGIS104
dlong2,"HISTORY, WORLD   ",4,HIST100
dhu3,CALCULUS BC,1,MATH231
zre2,CHINESE,3,CHIN203
kwa2,FRENCH,2,FR103
ssand2,"HISTORY, WORLD   ",4,HIST100
jher3,CALCULUS BC,5,MATH231
jcha2,COMPUTER SCIENCE A,1,CS105
jwilli2,COMPUTER SCIENCE A,3,CS105
jst3,HUMAN GEOGRAPHY,1,GGIS104
tfar2,FRENCH,3,FR103
kpen2,BIOLOGY,3,IB100
dayala2,PSYCHOLOGY,2,PSYC100
cvang2,STATISTICS,1,STAT100
jdavis2,COMPUTER SCIENCE A,4,CS105
sros3,ART: 2-D,5,ART104
ssand2,STATISTICS,5,STAT100
emason2,CHINESE,1,CHIN203
jfi2,ART: 2-D,2,ART104
blee2,PSYCHOLOGY,2,PSYC100
aali2,HUMAN GEOGRAPHY,5,GGIS104
jcoo2,COMPUTER SCIENCE A,4,CS105
dgonza2,ART: 2-D,4,ART104
grose2,"HISTORY, WORLD   ",5,HIST100
afis2,FRENCH,2,FR103
tpope2,CHINESE,2,CHIN203
jle2,PSYCHOLOGY,3,PSYC100
csmi2,COMPUTER SCIENCE A,1,CS105
ehor2,COMPUTER SCIENCE A,5,CS105
sco7,FRENCH,2,FR103
rryan2,FRENCH,4,FR103
hmitche2,ART: 2-D,1,ART104
jtaylo3,JAPANESE,2,JAPN204
shahn2,COMPUTER SCIENCE A,5,CS105
hhughes2,JAPANESE,3,JAPN204
deaton2,"HISTORY, WORLD   ",2,HIST100
bsmit2,ART: 2-D,5,ART104
kwagn2,STATISTICS,2,STAT100
bbail2,JAPANESE,5,JAPN204
jram2,COMPUTER SCIENCE A,4,CS105
mhart2,STATISTICS,2,STAT100
jgo2,BIOLOGY,1,IB100
mmo6,STATISTICS,3,STAT100
pbr2,"HISTORY, WORLD   ",2,HIST100
rrocha2,FRENCH,5,FR103
agregor2,CALCULUS BC,4,MATH231
ldic2,PSYCHOLOGY,1,PSYC100
gellio2,COMPUTER SCIENCE A,5,CS105
cwest2,STATISTICS,5,STAT100
kpr2,COMPUTER SCIENCE A,5,CS105
pgould2,"HISTORY, WORLD   ",5,HIST100
sjac2,COMPUTER SCIENCE A,1,CS105
kwhi2,PSYCHOLOGY,4,PSYC100
cdeleo2,CALCULUS BC,5,MATH231
jle2,"HISTORY, WORLD   ",3,HIST100
dgom2,JAPANESE,2,JAPN204
kwhi2,FRENCH,3,FR103
rklei2,CALCULUS BC,5,MATH231
dmi2,HUMAN GEOGRAPHY,3,GGIS104
acruz2,STATISTICS,5,STAT100
aher4,CHINESE,4,CHIN203
kcla2,"HISTORY, WORLD   ",1,HIST100
rpitts2,BIOLOGY,5,IB100
srodrig2,CHINESE,4,CHIN203
kpowe3,CALCULUS BC,3,MATH231
gma2,PSYCHOLOGY,3,PSYC100
rbell3,BIOLOGY,4,IB100
dhu3,STATISTICS,3,STAT100
dgonz2,BIOLOGY,4,IB100
apa2,HUMAN GEOGRAPHY,4,GGIS104
ctayl2,CHINESE,3,CHIN203
rmo6,ART: 2-D,3,ART104
lbr2,"HISTORY, WORLD   ",1,HIST100
she2,COMPUTER SCIENCE A,4,CS105
rprice2,BIOLOGY,5,IB100
scook2,HUMAN GEOGRAPHY,2,GGIS104
jgra3,FRENCH,1,FR103
libar2,HUMAN GEOGRAPHY,3,GGIS104
mhart2,CALCULUS BC,5,MATH231
lwolfe2,PSYCHOLOGY,1,PSYC100
jste2,STATISTICS,1,STAT100
jper3,CHINESE,2,CHIN203
pje2,CHINESE,3,CHIN203
kmcdo2,FRENCH,5,FR103
jmiles2,"HISTORY, WORLD   ",5,HIST100
cvang2,HUMAN GEOGRAPHY,1,GGIS104
dscott2,JAPANESE,4,JAPN204
ethomas2,HUMAN GEOGRAPHY,5,GGIS104
scook2,PSYCHOLOGY,1,PSYC100
blee2,CALCULUS BC,5,MATH231
jfr3,ART: 2-D,2,ART104
ameji2,CHINESE,5,CHIN203
lfr2,CALCULUS BC,5,MATH231
dmendo2,HUMAN GEOGRAPHY,4,GGIS104
ctayl2,"HISTORY, WORLD   ",3,HIST100
aali2,FRENCH,5,FR103
dgom2,COMPUTER SCIENCE A,4,CS105
nwright2,COMPUTER SCIENCE A,2,CS105
aali2,STATISTICS,1,STAT100
rfloy2,HUMAN GEOGRAPHY,1,GGIS104
jdelga2,ART: 2-D,4,ART104
rrocha2,PSYCHOLOGY,3,PSYC100
cnguyen2,"HISTORY, WORLD   ",5,HIST100
jmurp2,STATISTICS,2,STAT100
tgray3,COMPUTER SCIENCE A,2,CS105
afis2,CALCULUS BC,4,MATH231
kwa2,HUMAN GEOGRAPHY,4,GGIS104
ana2,CHINESE,2,CHIN203
mhamp2,COMPUTER SCIENCE A,1,CS105
wlo2,COMPUTER SCIENCE A,2,CS105
vmcfarl2,BIOLOGY,4,IB100
pje2,ART: 2-D,3,ART104
jpach2,CALCULUS BC,2,MATH231
dro2,FRENCH,1,FR103
cdeleo2,HUMAN GEOGRAPHY,5,GGIS104
ssh2,HUMAN GEOGRAPHY,5,GGIS104
lalvar2,BIOLOGY,5,IB100
jali2,PSYCHOLOGY,3,PSYC100
jbarr2,CALCULUS BC,2,MATH231
rryan2,"HISTORY, WORLD   ",5,HIST100
bher2,HUMAN GEOGRAPHY,5,GGIS104
jmurp2,PSYCHOLOGY,1,PSYC100
mbrow2,PSYCHOLOGY,3,PSYC100
jrodrig4,JAPANESE,2,JAPN204
acruz2,CHINESE,1,CHIN203
rklei2,JAPANESE,5,JAPN204
jcoo2,BIOLOGY,2,IB100
rcr2,STATISTICS,4,STAT100
kpen2,ART: 2-D,4,ART104
mbry3,COMPUTER SCIENCE A,3,CS105
hdavis2,CHINESE,2,CHIN203
pje2,HUMAN GEOGRAPHY,5,GGIS104
nmckenz2,PSYCHOLOGY,2,PSYC100
mcan2,ART: 2-D,4,ART104
ssh2,BIOLOGY,1,IB100
sjo2,HUMAN GEOGRAPHY,3,GGIS104
mon2,BIOLOGY,2,IB100
rklei2,FRENCH,2,FR103
jsosa2,CALCULUS BC,5,MATH231
tngu2,STATISTICS,2,STAT100
caceve2,HUMAN GEOGRAPHY,3,GGIS104
hdavis2,CALCULUS BC,2,MATH231
mdi2,"HISTORY, WORLD   ",3,HIST100
galle2,CHINESE,1,CHIN203
oste2,STATISTICS,4,STAT100
ane2,ART: 2-D,5,ART104
rwal2,HUMAN GEOGRAPHY,3,GGIS104
cdav2,HUMAN GEOGRAPHY,3,GGIS104
mholt2,ART: 2-D,3,ART104
deaton2,HUMAN GEOGRAPHY,1,GGIS104
jsandov2,PSYCHOLOGY,4,PSYC100
tshaw2,STATISTICS,1,STAT100
nmckenz2,"HISTORY, WORLD   ",3,HIST100
snel2,HUMAN GEOGRAPHY,4,GGIS104
cflo3,COMPUTER SCIENCE A,2,CS105
aarnol2,BIOLOGY,3,IB100
dvasqu2,PSYCHOLOGY,2,PSYC100
blee2,BIOLOGY,5,IB100
ssand2,PSYCHOLOGY,4,PSYC100
rburg2,STATISTICS,4,STAT100
mmo6,HUMAN GEOGRAPHY,5,GGIS104
aher4,STATISTICS,1,STAT100
jmiles2,CHINESE,1,CHIN203
ahu2,HUMAN GEOGRAPHY,1,GGIS104
vcam2,PSYCHOLOGY,5,PSYC100
pna2,ART: 2-D,4,ART104
she2,STATISTICS,5,STAT100
dlong2,CHINESE,4,CHIN203
rfloy2,JAPANESE,5,JAPN204
jgo2,STATISTICS,1,STAT100
sros3,STATISTICS,4,STAT100
ane2,STATISTICS,5,STAT100
msteven2,CALCULUS BC,4,MATH231
vnelson2,ART: 2-D,4,ART104
rwhite2,BIOLOGY,1,IB100
mva4,STATISTICS,4,STAT100
jwill5,CHINESE,3,CHIN203
rrocha2,JAPANESE,1,JAPN204
sgil2,ART: 2-D,3,ART104
jsandov2,COMPUTER SCIENCE A,1,CS105
bguzma2,COMPUTER SCIENCE A,5,CS105
kwagn2,CALCULUS BC,4,MATH231
eglas2,JAPANESE,5,JAPN204
cjo5,ART: 2-D,1,ART104
cdav2,PSYCHOLOGY,1,PSYC100
lreyno2,CHINESE,5,CHIN203
hbr2,JAPANESE,1,JAPN204
jali2,COMPUTER SCIENCE A,2,CS105
ldic2,JAPANESE,4,JAPN204
ssava2,"HISTORY, WORLD   ",3,HIST100
gma2,"HISTORY, WORLD   ",2,HIST100
jfi2,BIOLOGY,4,IB100
mmill3,COMPUTER SCIENCE A,5,CS105
cmey2,STATISTICS,4,STAT100
ghicks2,FRENCH,5,FR103
kwhi2,STATISTICS,4,STAT100
alon2,BIOLOGY,3,IB100
jmcc2,ART: 2-D,3,ART104
jford2,CALCULUS BC,5,MATH231
sbow2,CHINESE,4,CHIN203
afis2,JAPANESE,4,JAPN204
blee2,FRENCH,1,FR103
jbro4,"HISTORY, WORLD   ",5,HIST100
kmcfarl2,"HISTORY, WORLD   ",4,HIST100
jmc3,STATISTICS,4,STAT100
dgonz2,ART: 2-D,2,ART104
mpa4,FRENCH,4,FR103
mhart2,HUMAN GEOGRAPHY,2,GGIS104
sallen2,CALCULUS BC,3,MATH231
jest2,FRENCH,2,FR103
lsull2,ART: 2-D,3,ART104
